550644,22722,SET OF 6 SPICE TINS PANTRY DESIGN,7.0,4/19/11 16:19,3.95,12733
550644,22979,PANTRY WASHING UP BRUSH,2.0,4/19/11 16:19,1.45,12733
550644,84987,SET OF 36 TEATIME PAPER DOILIES,3.0,4/19/11 16:19,1.45,12733
550644,22720,SET OF 3 CAKE TINS PANTRY DESIGN,1.0,4/19/11 16:19,4.95,12733
550644,22993,SET OF 4 PANTRY JELLY MOULDS,1.0,4/19/11 16:19,1.25,12733
550644,47580,TEA TIME DES TEA COSY,3.0,4/19/11 16:19,2.55,12733
550644,22989,SET 2 PANTRY DESIGN TEA TOWELS,6.0,4/19/11 16:19,3.25,12733
550644,22900,SET 2 TEA TOWELS I LOVE LONDON,3.0,4/19/11 16:19,3.25,12733
550644,22128,PARTY CONES CANDY ASSORTED,12.0,4/19/11 16:19,1.25,12733
550644,,PINK HAPPY BIRTHDAY BUNTING,4.0,4/19/11 16:19,5.45,12733
550644,22965,3 TRADITIONAl BISCUIT CUTTERS  SET,2.0,4/19/11 16:19,2.1,12733
550644,22088,PAPER BUNTING COLOURED LACE,6.0,4/19/11 16:19,2.95,12733
550644,22990,COTTON APRON PANTRY DESIGN,5.0,4/19/11 16:19,4.95,12733
550644,22129,PARTY CONES CANDY TREE DECORATION,36.0,4/19/11 16:19,0.85,12733
550644,21067,VINTAGE RED TEATIME MUG,6.0,4/19/11 16:19,1.25,12733
550644,22149,FELTCRAFT 6 FLOWER FRIENDS,6.0,4/19/11 16:19,2.1,12733
550644,22147,FELTCRAFT BUTTERFLY HEARTS,7.0,4/19/11 16:19,1.45,12733
550644,22301,COFFEE MUG CAT + BIRD DESIGN,6.0,4/19/11 16:19,2.55,12733
550644,22970,LONDON BUS COFFEE MUG,6.0,4/19/11 16:19,2.55,12733
550644,22423,REGENCY CAKESTAND 3 TIER,6.0,4/19/11 16:19,12.75,12733
550644,37501,TEA TIME TEA SET IN GIFT BOX,5.0,4/19/11 16:19,6.95,12733
550644,37500,TEA TIME TEAPOT IN GIFT BOX,4.0,4/19/11 16:19,4.95,12733
